contributor_id,ethereum_address,impact_percentage
1,0xa65d0da22b62bf82e42e9008218d2f643ca8f3e9,56.92307692307692
2,0x0b0ce096f4b24efd6caf97e126422212c254f633,0.8974358974358975
3,0x34ea9bdcd8a9ca2078cb1876095ccd95b1ed79de,35.0
4,0x620402946d386d99543c1f6f1e106c616e79e26f,4.871794871794871
5,0xc70db91810080d9ac75e90a05ae532aaf32239b3,2.3076923076923075
6,0x8c14a3dd850835a07fba7620e2601b3e5a6d5ee5,0.0
7,0xb1e2685b5f9d901497c3c9714fb954ef8e37cc1b,0.0
