contributor_id,ethereum_address,impact_percentage
1,0xa65d0da22b62bf82e42e9008218d2f643ca8f3e9,49.28940568475452
2,0x0b0ce096f4b24efd6caf97e126422212c254f633,0.6459948320413437
3,0x34ea9bdcd8a9ca2078cb1876095ccd95b1ed79de,21.834625322997415
4,0x620402946d386d99543c1f6f1e106c616e79e26f,2.454780361757106
5,0xc70db91810080d9ac75e90a05ae532aaf32239b3,16.020671834625322
6,0x8c14a3dd850835a07fba7620e2601b3e5a6d5ee5,0.3875968992248062
7,0xb1e2685b5f9d901497c3c9714fb954ef8e37cc1b,0.0
8,0x9d8dc28e9d9c4c5a387a858182edf9ab8b90f565,6.912144702842378
9,0xfe86057e60a76e27a713b16fbbe3a77dd3353c17,2.454780361757106
