contributor_id,ethereum_address,impact_percentage
1,0xa65d0da22b62bf82e42e9008218d2f643ca8f3e9,58.267716535433074
2,0x0b0ce096f4b24efd6caf97e126422212c254f633,0.9186351706036745
3,0x34ea9bdcd8a9ca2078cb1876095ccd95b1ed79de,35.826771653543304
4,0x620402946d386d99543c1f6f1e106c616e79e26f,4.986876640419948
