contributor_id,ethereum_address,impact_percentage
1,0xa65d0da22b62bf82e42e9008218d2f643ca8f3e9,38.91050583657587
2,0x0b0ce096f4b24efd6caf97e126422212c254f633,0.48638132295719844
3,0x34ea9bdcd8a9ca2078cb1876095ccd95b1ed79de,16.439688715953306
4,0x620402946d386d99543c1f6f1e106c616e79e26f,1.8482490272373542
5,0xc70db91810080d9ac75e90a05ae532aaf32239b3,18.96887159533074
6,0x8c14a3dd850835a07fba7620e2601b3e5a6d5ee5,15.66147859922179
7,0xb1e2685b5f9d901497c3c9714fb954ef8e37cc1b,0.0
8,0x9d8dc28e9d9c4c5a387a858182edf9ab8b90f565,5.836575875486381
9,0xfe86057e60a76e27a713b16fbbe3a77dd3353c17,1.8482490272373542
