contributor_id,ethereum_address,impact_percentage
1,0xa65d0da22b62bf82e42e9008218d2f643ca8f3e9,49.68354430379747
2,0x0b0ce096f4b24efd6caf97e126422212c254f633,1.1075949367088607
3,0x34ea9bdcd8a9ca2078cb1876095ccd95b1ed79de,43.19620253164557
4,0x620402946d386d99543c1f6f1e106c616e79e26f,6.012658227848101
