contributor_id,ethereum_address,impact_percentage
1,0xa65d0da22b62bf82e42e9008218d2f643ca8f3e9,93.51851851851852
2,0x0b0ce096f4b24efd6caf97e126422212c254f633,6.481481481481482
