contributor_id,ethereum_address,impact_percentage
1,0xa65d0da22b62bf82e42e9008218d2f643ca8f3e9,70.35175879396985
2,0x0b0ce096f4b24efd6caf97e126422212c254f633,3.5175879396984926
3,0x34ea9bdcd8a9ca2078cb1876095ccd95b1ed79de,26.13065326633166
