contributor_id,ethereum_address,impact_percentage
1,0xa65d0da22b62bf82e42e9008218d2f643ca8f3e9,57.77777777777778
2,0x0b0ce096f4b24efd6caf97e126422212c254f633,1.728395061728395
3,0x34ea9bdcd8a9ca2078cb1876095ccd95b1ed79de,40.49382716049383
