contributor_id,ethereum_address,impact_percentage
1,0xa65d0da22b62bf82e42e9008218d2f643ca8f3e9,48.24399260628466
2,0x0b0ce096f4b24efd6caf97e126422212c254f633,1.2939001848428835
3,0x34ea9bdcd8a9ca2078cb1876095ccd95b1ed79de,50.46210720887246
