ethereum_address,impact_percentage
0xa65d0da22b62bf82e42e9008218d2f643ca8f3e9,58.158508158508155
0x0b0ce096f4b24efd6caf97e126422212c254f633,0.5827505827505828
0x34ea9bdcd8a9ca2078cb1876095ccd95b1ed79de,19.696969696969695
0x620402946d386d99543c1f6f1e106c616e79e26f,2.2144522144522143
0xc70db91810080d9ac75e90a05ae532aaf32239b3,17.074592074592076
0xfe86057e60a76e27a713b16fbbe3a77dd3353c17,2.272727272727273
