ethereum_address,impact_percentage
0xa65d0da22b62bf82e42e9008218d2f643ca8f3e9,97.8021978021978
0x0b0ce096f4b24efd6caf97e126422212c254f633,2.197802197802198
