ethereum_address,impact_percentage
0xa65d0da22b62bf82e42e9008218d2f643ca8f3e9,49.45750452079566
0x0b0ce096f4b24efd6caf97e126422212c254f633,0.45207956600361665
0x34ea9bdcd8a9ca2078cb1876095ccd95b1ed79de,15.280289330922242
0x620402946d386d99543c1f6f1e106c616e79e26f,1.7179023508137432
0xc70db91810080d9ac75e90a05ae532aaf32239b3,20.34358047016275
0x9d8dc28e9d9c4c5a387a858182edf9ab8b90f565,4.837251356238698
0xfe86057e60a76e27a713b16fbbe3a77dd3353c17,7.9113924050632916
