ethereum_address,impact_percentage
0xa65d0da22b62bf82e42e9008218d2f643ca8f3e9,65.34974093264249
0x0b0ce096f4b24efd6caf97e126422212c254f633,0.6476683937823834
0x34ea9bdcd8a9ca2078cb1876095ccd95b1ed79de,21.89119170984456
0x620402946d386d99543c1f6f1e106c616e79e26f,2.461139896373057
0xc70db91810080d9ac75e90a05ae532aaf32239b3,9.650259067357513
