ethereum_address,impact_percentage
0xa65d0da22b62bf82e42e9008218d2f643ca8f3e9,51.22699386503067
0x0b0ce096f4b24efd6caf97e126422212c254f633,1.0736196319018405
0x34ea9bdcd8a9ca2078cb1876095ccd95b1ed79de,41.87116564417178
0x620402946d386d99543c1f6f1e106c616e79e26f,5.828220858895706
