ethereum_address,impact_percentage
0xa65d0da22b62bf82e42e9008218d2f643ca8f3e9,57.41444866920152
0x0b0ce096f4b24efd6caf97e126422212c254f633,0.8871989860583016
0x34ea9bdcd8a9ca2078cb1876095ccd95b1ed79de,34.60076045627376
0x620402946d386d99543c1f6f1e106c616e79e26f,4.816223067173637
0xc70db91810080d9ac75e90a05ae532aaf32239b3,2.2813688212927756
