ethereum_address,impact_percentage
0xa65d0da22b62bf82e42e9008218d2f643ca8f3e9,51.95467422096317
0x0b0ce096f4b24efd6caf97e126422212c254f633,0.56657223796034
0x34ea9bdcd8a9ca2078cb1876095ccd95b1ed79de,19.15014164305949
0x620402946d386d99543c1f6f1e106c616e79e26f,2.1529745042492916
0xc70db91810080d9ac75e90a05ae532aaf32239b3,16.260623229461757
0xfe86057e60a76e27a713b16fbbe3a77dd3353c17,9.91501416430595
