ethereum_address,impact_percentage
0xa65d0da22b62bf82e42e9008218d2f643ca8f3e9,50.263504611330696
0x0b0ce096f4b24efd6caf97e126422212c254f633,0.6587615283267457
0x34ea9bdcd8a9ca2078cb1876095ccd95b1ed79de,22.266139657444004
0x620402946d386d99543c1f6f1e106c616e79e26f,2.503293807641634
0xc70db91810080d9ac75e90a05ae532aaf32239b3,16.337285902503293
0x8c14a3dd850835a07fba7620e2601b3e5a6d5ee5,1.3175230566534915
0x9d8dc28e9d9c4c5a387a858182edf9ab8b90f565,4.150197628458498
0xfe86057e60a76e27a713b16fbbe3a77dd3353c17,2.503293807641634
