ethereum_address,impact_percentage
0xa65d0da22b62bf82e42e9008218d2f643ca8f3e9,35.68242640499554
0x0b0ce096f4b24efd6caf97e126422212c254f633,0.44603033006244425
0x34ea9bdcd8a9ca2078cb1876095ccd95b1ed79de,15.075825156110616
0x620402946d386d99543c1f6f1e106c616e79e26f,1.694915254237288
0xc70db91810080d9ac75e90a05ae532aaf32239b3,20.428189116859947
0x8c14a3dd850835a07fba7620e2601b3e5a6d5ee5,19.714540588760034
0x9d8dc28e9d9c4c5a387a858182edf9ab8b90f565,5.2631578947368425
0xfe86057e60a76e27a713b16fbbe3a77dd3353c17,1.694915254237288
