ethereum_address,impact_percentage
0xa65d0da22b62bf82e42e9008218d2f643ca8f3e9,60.38300418910832
0x0b0ce096f4b24efd6caf97e126422212c254f633,0.5984440454817475
0x34ea9bdcd8a9ca2078cb1876095ccd95b1ed79de,20.227408737283064
0x620402946d386d99543c1f6f1e106c616e79e26f,2.2740873728306403
0xc70db91810080d9ac75e90a05ae532aaf32239b3,16.51705565529623
