ethereum_address,impact_percentage
0xa65d0da22b62bf82e42e9008218d2f643ca8f3e9,52.72978576364893
0x0b0ce096f4b24efd6caf97e126422212c254f633,0.691085003455425
0x34ea9bdcd8a9ca2078cb1876095ccd95b1ed79de,23.358673116793366
0x620402946d386d99543c1f6f1e106c616e79e26f,2.626123013130615
0xc70db91810080d9ac75e90a05ae532aaf32239b3,16.79336558396683
0x8c14a3dd850835a07fba7620e2601b3e5a6d5ee5,0.2073255010366275
0x9d8dc28e9d9c4c5a387a858182edf9ab8b90f565,0.967519004837595
0xfe86057e60a76e27a713b16fbbe3a77dd3353c17,2.626123013130615
