ethereum_address,impact_percentage
0xa65d0da22b62bf82e42e9008218d2f643ca8f3e9,53.66120218579235
0x0b0ce096f4b24efd6caf97e126422212c254f633,0.546448087431694
0x34ea9bdcd8a9ca2078cb1876095ccd95b1ed79de,18.469945355191257
0x620402946d386d99543c1f6f1e106c616e79e26f,2.0765027322404372
0xc70db91810080d9ac75e90a05ae532aaf32239b3,15.683060109289617
0xfe86057e60a76e27a713b16fbbe3a77dd3353c17,9.562841530054644
