ethereum_address,impact_percentage
0xa65d0da22b62bf82e42e9008218d2f643ca8f3e9,67.85964912280701
0x0b0ce096f4b24efd6caf97e126422212c254f633,0.7017543859649122
0x34ea9bdcd8a9ca2078cb1876095ccd95b1ed79de,23.719298245614034
0x620402946d386d99543c1f6f1e106c616e79e26f,2.6666666666666665
0xc70db91810080d9ac75e90a05ae532aaf32239b3,5.052631578947368
