ethereum_address,impact_percentage,github_username
0x29C0B687EE69960966a4Ea733cF53CC6eC157ace,73.80952380952381,jo-elimu
0x0f84Fc6d1C7B1DF2487B54776491d27A7369c9AA,15.476190476190476,nya-elimu
0x9D8dC28E9d9C4C5a387A858182edF9ab8B90F565,10.119047619047619,tuancoltech
0x647Ea721B4E896D1f76062713B2a0b137475bC3d,0.5952380952380952,Brijeshthummar02
