ethereum_address,impact_percentage,github_username
0x48Ac1399035bcCE8C7996D8C60E014b9373B3962,47.36842105263158,sladomic
0x0f84Fc6d1C7B1DF2487B54776491d27A7369c9AA,42.10526315789474,nya-elimu
0x29C0B687EE69960966a4Ea733cF53CC6eC157ace,10.526315789473685,jo-elimu
