ethereum_address,impact_percentage,github_username
0x0000000000000000000000000000000000000000,53.191489361702125,tbarthel-fr
0x0000000000000000000000000000000000000000,35.1063829787234,vbarthel-fr
0x0f84Fc6d1C7B1DF2487B54776491d27A7369c9AA,7.446808510638298,nya-elimu
0x29C0B687EE69960966a4Ea733cF53CC6eC157ace,4.25531914893617,jo-elimu
