contributor_id,ethereum_address,impact_percentage
1,0xc083edcf5e0de8c2815d31a4d4e1fbab05673849,34.69626168224299
2,0x9d8dc28e9d9c4c5a387a858182edf9ab8b90f565,28.738317757009344
3,0xe7ebbd87c88d0f871adf786e04f103c758500333,1.2850467289719627
4,0x74a94f9486af9468304698dbdec1deab5612295f,0.0
5,0x9cf7f02bb672d1dcad140aabdcc3576f3c4a3aae,20.560747663551403
6,0xf72ff6980d2c62258b54da10178e1ddd87409a33,0.0
7,0x8c14a3dd850835a07fba7620e2601b3e5a6d5ee5,4.672897196261682
8,0xc70db91810080d9ac75e90a05ae532aaf32239b3,5.257009345794392
9,0x32eb3fff11d707fa377f6d02d28f599dfbfd0c5b,4.789719626168225
