contributor_id,ethereum_address,impact_percentage
1,0xc083edcf5e0de8c2815d31a4d4e1fbab05673849,16.666666666666668
2,0x9d8dc28e9d9c4c5a387a858182edf9ab8b90f565,66.66666666666667
3,0xe7ebbd87c88d0f871adf786e04f103c758500333,16.666666666666668
4,0x74a94f9486af9468304698dbdec1deab5612295f,0.0
