contributor_id,ethereum_address,impact_percentage
1,0xc083edcf5e0de8c2815d31a4d4e1fbab05673849,5.347871235721703
2,0x9d8dc28e9d9c4c5a387a858182edf9ab8b90f565,88.62928348909658
3,0xe7ebbd87c88d0f871adf786e04f103c758500333,4.30944963655244
4,0x74a94f9486af9468304698dbdec1deab5612295f,0.0
5,0x9cf7f02bb672d1dcad140aabdcc3576f3c4a3aae,1.7133956386292835
6,0xf72ff6980d2c62258b54da10178e1ddd87409a33,0.0
