contributor_id,ethereum_address,impact_percentage
1,0xc083edcf5e0de8c2815d31a4d4e1fbab05673849,25.641025641025642
2,0x9d8dc28e9d9c4c5a387a858182edf9ab8b90f565,74.35897435897436
