ethereum_address,impact_percentage
0xc083edcf5e0de8c2815d31a4d4e1fbab05673849,41.07883817427386
0x9d8dc28e9d9c4c5a387a858182edf9ab8b90f565,34.024896265560166
0xe7ebbd87c88d0f871adf786e04f103c758500333,1.5214384508990317
0x9cf7f02bb672d1dcad140aabdcc3576f3c4a3aae,16.044260027662517
0x8c14a3dd850835a07fba7620e2601b3e5a6d5ee5,5.532503457814661
0xc70db91810080d9ac75e90a05ae532aaf32239b3,1.798063623789765
