ethereum_address,impact_percentage
0xc083edcf5e0de8c2815d31a4d4e1fbab05673849,14.689265536723164
0x9d8dc28e9d9c4c5a387a858182edf9ab8b90f565,78.53107344632768
0xe7ebbd87c88d0f871adf786e04f103c758500333,3.1073446327683616
0x9cf7f02bb672d1dcad140aabdcc3576f3c4a3aae,3.672316384180791
