ethereum_address,impact_percentage
0xc083edcf5e0de8c2815d31a4d4e1fbab05673849,38.125802310654684
0x9d8dc28e9d9c4c5a387a858182edf9ab8b90f565,31.57894736842105
0xe7ebbd87c88d0f871adf786e04f103c758500333,1.4120667522464698
0x9cf7f02bb672d1dcad140aabdcc3576f3c4a3aae,22.0795892169448
0x8c14a3dd850835a07fba7620e2601b3e5a6d5ee5,5.134788189987163
0xc70db91810080d9ac75e90a05ae532aaf32239b3,1.668806161745828
