ethereum_address,impact_percentage
0xc083edcf5e0de8c2815d31a4d4e1fbab05673849,26.030927835051546
0x9d8dc28e9d9c4c5a387a858182edf9ab8b90f565,66.49484536082474
0xe7ebbd87c88d0f871adf786e04f103c758500333,2.8350515463917527
0x9cf7f02bb672d1dcad140aabdcc3576f3c4a3aae,3.350515463917526
0x8c14a3dd850835a07fba7620e2601b3e5a6d5ee5,1.288659793814433
