ethereum_address,impact_percentage
0xc083edcf5e0de8c2815d31a4d4e1fbab05673849,25.96153846153846
0x9d8dc28e9d9c4c5a387a858182edf9ab8b90f565,59.13461538461539
0xe7ebbd87c88d0f871adf786e04f103c758500333,2.644230769230769
0x9cf7f02bb672d1dcad140aabdcc3576f3c4a3aae,4.326923076923077
0x8c14a3dd850835a07fba7620e2601b3e5a6d5ee5,7.9326923076923075
