ethereum_address,impact_percentage
0xc083edcf5e0de8c2815d31a4d4e1fbab05673849,32.926829268292686
0x9d8dc28e9d9c4c5a387a858182edf9ab8b90f565,27.272727272727273
0xe7ebbd87c88d0f871adf786e04f103c758500333,1.2195121951219512
0x9cf7f02bb672d1dcad140aabdcc3576f3c4a3aae,23.725055432372507
0x8c14a3dd850835a07fba7620e2601b3e5a6d5ee5,4.434589800443459
0xc70db91810080d9ac75e90a05ae532aaf32239b3,4.988913525498892
0x32eb3fff11d707fa377f6d02d28f599dfbfd0c5b,4.545454545454546
0x6f82fec0eb583ac26db8b0d23017d29a80a8a3ac,0.8869179600886918
