ethereum_address,impact_percentage
0xc083edcf5e0de8c2815d31a4d4e1fbab05673849,10.901162790697674
0x9d8dc28e9d9c4c5a387a858182edf9ab8b90f565,72.23837209302326
0xe7ebbd87c88d0f871adf786e04f103c758500333,12.063953488372093
0x9cf7f02bb672d1dcad140aabdcc3576f3c4a3aae,4.796511627906977
