ethereum_address,impact_percentage
0xc083edcf5e0de8c2815d31a4d4e1fbab05673849,18.867924528301888
0x9d8dc28e9d9c4c5a387a858182edf9ab8b90f565,73.58490566037736
0xe7ebbd87c88d0f871adf786e04f103c758500333,7.547169811320755
