ethereum_address,impact_percentage
0xc083edcf5e0de8c2815d31a4d4e1fbab05673849,20.634920634920636
0x9d8dc28e9d9c4c5a387a858182edf9ab8b90f565,63.492063492063494
0xe7ebbd87c88d0f871adf786e04f103c758500333,15.873015873015873
