ethereum_address,impact_percentage
0xc083edcf5e0de8c2815d31a4d4e1fbab05673849,6.193625977149729
0x9d8dc28e9d9c4c5a387a858182edf9ab8b90f565,86.83102826217679
0xe7ebbd87c88d0f871adf786e04f103c758500333,4.990980156343957
0x9cf7f02bb672d1dcad140aabdcc3576f3c4a3aae,1.984365604329525
