ethereum_address,impact_percentage
0xc083edcf5e0de8c2815d31a4d4e1fbab05673849,32.394366197183096
0x9d8dc28e9d9c4c5a387a858182edf9ab8b90f565,26.652221018418203
0xe7ebbd87c88d0f871adf786e04f103c758500333,1.191765980498375
0x9cf7f02bb672d1dcad140aabdcc3576f3c4a3aae,23.185265438786566
0x8c14a3dd850835a07fba7620e2601b3e5a6d5ee5,4.333694474539545
0xc70db91810080d9ac75e90a05ae532aaf32239b3,4.8754062838569885
0x32eb3fff11d707fa377f6d02d28f599dfbfd0c5b,4.442036836403034
0x6f82fec0eb583ac26db8b0d23017d29a80a8a3ac,1.9501625135427951
0x0ffc7a2944d6be6fd702a9e06e6c1901692ef320,0.9750812567713976
