ethereum_address,impact_percentage,github_username
0x1f1319c79F1496357781691a22B1f37dAC9D844F,41.340782122905026,gscdev
0x9D8dC28E9d9C4C5a387A858182edF9ab8B90F565,40.22346368715084,tuancoltech
0x0f84Fc6d1C7B1DF2487B54776491d27A7369c9AA,12.849162011173185,nya-elimu
0x48Ac1399035bcCE8C7996D8C60E014b9373B3962,2.793296089385475,sladomic
0x29C0B687EE69960966a4Ea733cF53CC6eC157ace,2.793296089385475,jo-elimu
