ethereum_address,impact_percentage,github_username
0x1f1319c79F1496357781691a22B1f37dAC9D844F,40.43715846994535,gscdev
0x9D8dC28E9d9C4C5a387A858182edF9ab8B90F565,39.34426229508197,tuancoltech
0x0f84Fc6d1C7B1DF2487B54776491d27A7369c9AA,13.66120218579235,nya-elimu
0x29C0B687EE69960966a4Ea733cF53CC6eC157ace,3.8251366120218577,jo-elimu
0x48Ac1399035bcCE8C7996D8C60E014b9373B3962,2.73224043715847,sladomic
