ethereum_address,impact_percentage,github_username
0xF72ff6980D2c62258b54Da10178e1DDd87409a33,63.87096774193548,jo-elimu
0x9D8dC28E9d9C4C5a387A858182edF9ab8B90F565,14.838709677419354,tuancoltech
0x0f84Fc6d1C7B1DF2487B54776491d27A7369c9AA,11.612903225806452,nya-elimu
0x0000000000000000000000000000000000000000,9.67741935483871,saedmanaf
