ethereum_address,impact_percentage,github_username
0x29C0B687EE69960966a4Ea733cF53CC6eC157ace,65.6441717791411,jo-elimu
0x9D8dC28E9d9C4C5a387A858182edF9ab8B90F565,14.110429447852761,tuancoltech
0x0f84Fc6d1C7B1DF2487B54776491d27A7369c9AA,11.042944785276074,nya-elimu
0x0000000000000000000000000000000000000000,9.202453987730062,saedmanaf
