ethereum_address,impact_percentage,github_username
0x29C0B687EE69960966a4Ea733cF53CC6eC157ace,64.55696202531645,jo-elimu
0x9D8dC28E9d9C4C5a387A858182edF9ab8B90F565,14.556962025316455,tuancoltech
0x0f84Fc6d1C7B1DF2487B54776491d27A7369c9AA,11.39240506329114,nya-elimu
0x0000000000000000000000000000000000000000,9.49367088607595,saedmanaf
