ethereum_address,impact_percentage,github_username
0x0f84Fc6d1C7B1DF2487B54776491d27A7369c9AA,86.34686346863468,nya-elimu
0x29C0B687EE69960966a4Ea733cF53CC6eC157ace,12.546125461254613,jo-elimu
0x0000000000000000000000000000000000000000,1.1070110701107012,egor-morozik
