ethereum_address,impact_percentage,github_username
0x0f84Fc6d1C7B1DF2487B54776491d27A7369c9AA,73.58490566037736,nya-elimu
0x29C0B687EE69960966a4Ea733cF53CC6eC157ace,25.471698113207548,jo-elimu
0x4709ebf314c6492d57f4c6d4f57357d5b2bb074e,0.9433962264150944,vrudas
