ethereum_address,impact_percentage,github_username
0x0f84Fc6d1C7B1DF2487B54776491d27A7369c9AA,67.0807453416149,nya-elimu
0x29C0B687EE69960966a4Ea733cF53CC6eC157ace,31.677018633540374,jo-elimu
0x4709ebf314c6492d57f4c6d4f57357d5b2bb074e,1.2422360248447204,vrudas
