ethereum_address,impact_percentage,github_username
0x0f84Fc6d1C7B1DF2487B54776491d27A7369c9AA,66.26506024096386,nya-elimu
0x29C0B687EE69960966a4Ea733cF53CC6eC157ace,32.53012048192771,jo-elimu
0x4709ebf314c6492d57f4c6d4f57357d5b2bb074e,1.2048192771084338,vrudas
