ethereum_address,impact_percentage,github_username
0x0f84Fc6d1C7B1DF2487B54776491d27A7369c9AA,68.36158192090396,nya-elimu
0x29C0B687EE69960966a4Ea733cF53CC6eC157ace,30.508474576271187,jo-elimu
0x4709ebf314c6492d57f4c6d4f57357d5b2bb074e,1.1299435028248588,vrudas
