ethereum_address,impact_percentage,sponsorship_count,distribution_count,operation_count
0x4ae401d77E979f9220E1396865A124a9A87Fed21,3.4482758620689653,1,0,0
0x0f84Fc6d1C7B1DF2487B54776491d27A7369c9AA,3.4482758620689653,1,0,0
0xA7D1CB88740642DC95774511Cc73f015396Be869,34.48275862068966,4,3,3
0x8c14a3Dd850835A07fbA7620E2601b3E5A6d5ee5,48.275862068965516,4,4,6
0x414017C30cCf1c04300D74a0fdAcd41a6701A932,3.4482758620689653,0,1,0
0xEF836b1b90E42c8c69F3cEf628eB10983C10E792,6.896551724137931,0,0,2
