ethereum_address,impact_percentage,github_username
0x29C0B687EE69960966a4Ea733cF53CC6eC157ace,56.926406926406926,jo-elimu
0x9D8dC28E9d9C4C5a387A858182edF9ab8B90F565,25.432900432900432,tuancoltech
0x0f84Fc6d1C7B1DF2487B54776491d27A7369c9AA,16.883116883116884,nya-elimu
0x48Ac1399035bcCE8C7996D8C60E014b9373B3962,0.5411255411255411,sladomic
0x0000000000000000000000000000000000000000,0.21645021645021645,bojanvuCT
