ethereum_address,impact_percentage,github_username
0xF72ff6980D2c62258b54Da10178e1DDd87409a33,56.16740088105727,jo-elimu
0x9D8dC28E9d9C4C5a387A858182edF9ab8B90F565,25.88105726872247,tuancoltech
0x0f84Fc6d1C7B1DF2487B54776491d27A7369c9AA,17.180616740088105,nya-elimu
0x48Ac1399035bcCE8C7996D8C60E014b9373B3962,0.5506607929515418,sladomic
0x0000000000000000000000000000000000000000,0.22026431718061673,bojanvuCT
