ethereum_address,impact_percentage,github_username
0x29C0B687EE69960966a4Ea733cF53CC6eC157ace,37.12273641851107,jo-elimu
0x9D8dC28E9d9C4C5a387A858182edF9ab8B90F565,36.72032193158954,tuancoltech
0x0f84Fc6d1C7B1DF2487B54776491d27A7369c9AA,25.35211267605634,nya-elimu
0x647Ea721B4E896D1f76062713B2a0b137475bC3d,0.4024144869215292,Brijeshthummar02
0x1f1319c79F1496357781691a22B1f37dAC9D844F,0.4024144869215292,gscdev
