ethereum_address,impact_percentage,github_username
0x29C0B687EE69960966a4Ea733cF53CC6eC157ace,37.81094527363184,jo-elimu
0x9D8dC28E9d9C4C5a387A858182edF9ab8B90F565,36.318407960199,tuancoltech
0x0f84Fc6d1C7B1DF2487B54776491d27A7369c9AA,25.074626865671643,nya-elimu
0x647Ea721B4E896D1f76062713B2a0b137475bC3d,0.39800995024875624,Brijeshthummar02
0x1f1319c79F1496357781691a22B1f37dAC9D844F,0.39800995024875624,gscdev
