ethereum_address,impact_percentage
0x9f954bcd8bc1b114dfa0296a68a4744603c8e649,0.4484304932735426
0x6951e11782fb77296d3666ae5a6e1b240f7c0244,9.192825112107624
0x5bb16ef826311a832c610bbed241c0e1f1784abd,0.672645739910314
0x8edb50ab74b9ac3f83ba4c1ceb265f43ae50f9f9,0.2242152466367713
0x88aef1cebf7b6b2abdb16f883f159edfd11166b5,34.75336322869955
0x9d8dc28e9d9c4c5a387a858182edf9ab8b90f565,0.672645739910314
0xeed7ee5d043fe130861cacea6b5d6e5baffbf308,0.8968609865470852
0x0000000000000000000000000000000000000000,53.1390134529148
