ethereum_address,impact_percentage
0x9f954bcd8bc1b114dfa0296a68a4744603c8e649,0.46511627906976744
0x6951e11782fb77296d3666ae5a6e1b240f7c0244,9.534883720930232
0x5bb16ef826311a832c610bbed241c0e1f1784abd,0.6976744186046512
0x8edb50ab74b9ac3f83ba4c1ceb265f43ae50f9f9,0.23255813953488372
0x88aef1cebf7b6b2abdb16f883f159edfd11166b5,33.95348837209303
0x0000000000000000000000000000000000000000,55.11627906976744
