ethereum_address,impact_percentage
0x9f954bcd8bc1b114dfa0296a68a4744603c8e649,0.4618937644341801
0x6951e11782fb77296d3666ae5a6e1b240f7c0244,9.468822170900692
0x5bb16ef826311a832c610bbed241c0e1f1784abd,0.6928406466512702
0x8edb50ab74b9ac3f83ba4c1ceb265f43ae50f9f9,0.23094688221709006
0x88aef1cebf7b6b2abdb16f883f159edfd11166b5,34.41108545034642
0x0000000000000000000000000000000000000000,54.73441108545035
