ethereum_address,impact_percentage
0x9f954bcd8bc1b114dfa0296a68a4744603c8e649,0.273224043715847
0x6951e11782fb77296d3666ae5a6e1b240f7c0244,8.060109289617486
0x5bb16ef826311a832c610bbed241c0e1f1784abd,0.20491803278688525
0x8edb50ab74b9ac3f83ba4c1ceb265f43ae50f9f9,0.06830601092896176
0x88aef1cebf7b6b2abdb16f883f159edfd11166b5,40.778688524590166
0x9d8dc28e9d9c4c5a387a858182edf9ab8b90f565,0.273224043715847
0xeed7ee5d043fe130861cacea6b5d6e5baffbf308,27.459016393442624
0x8c14a3dd850835a07fba7620e2601b3e5a6d5ee5,1.1612021857923498
0x0000000000000000000000000000000000000000,21.721311475409838
