ethereum_address,impact_percentage,github_username
0x29C0B687EE69960966a4Ea733cF53CC6eC157ace,50.38363171355499,jo-elimu
0x0f84Fc6d1C7B1DF2487B54776491d27A7369c9AA,26.08695652173913,nya-elimu
0x9D8dC28E9d9C4C5a387A858182edF9ab8B90F565,14.322250639386189,tuancoltech
0x1f1319c79F1496357781691a22B1f37dAC9D844F,8.439897698209718,gscdev
0x647Ea721B4E896D1f76062713B2a0b137475bC3d,0.5115089514066496,Brijeshthummar02
0xc6AC0D6AbD1bbB371Db2B3Ef7cbc9fC972C700A6,0.2557544757033248,bikash
