ethereum_address,impact_percentage,github_username
0x29C0B687EE69960966a4Ea733cF53CC6eC157ace,50.88607594936709,jo-elimu
0x0f84Fc6d1C7B1DF2487B54776491d27A7369c9AA,25.82278481012658,nya-elimu
0x9D8dC28E9d9C4C5a387A858182edF9ab8B90F565,14.177215189873417,tuancoltech
0x1f1319c79F1496357781691a22B1f37dAC9D844F,8.354430379746836,gscdev
0x647Ea721B4E896D1f76062713B2a0b137475bC3d,0.5063291139240507,Brijeshthummar02
0xc6AC0D6AbD1bbB371Db2B3Ef7cbc9fC972C700A6,0.25316455696202533,bikash
