ethereum_address,impact_percentage,github_username
0xF72ff6980D2c62258b54Da10178e1DDd87409a33,48.67724867724868,jo-elimu
0x0f84Fc6d1C7B1DF2487B54776491d27A7369c9AA,26.984126984126984,nya-elimu
0x9D8dC28E9d9C4C5a387A858182edF9ab8B90F565,14.814814814814815,tuancoltech
0x1f1319c79F1496357781691a22B1f37dAC9D844F,8.73015873015873,gscdev
0x647Ea721B4E896D1f76062713B2a0b137475bC3d,0.5291005291005291,Brijeshthummar02
0xc6AC0D6AbD1bbB371Db2B3Ef7cbc9fC972C700A6,0.26455026455026454,bikash
