ethereum_address,sponsorship_count,distribution_count,impact_percentage
0xA7D1CB88740642DC95774511Cc73f015396Be869,4,2,42.857142857142854
0x883753Beab357A2c29f3766C6ad158e72A78ce51,1,0,7.142857142857143
0xFf7e232A44C74b306623f0d20dd6995775773842,1,0,7.142857142857143
0xEbcF2690AF9e7D17e7dfB7118f65321Fc68d4b97,1,1,14.285714285714286
0x29d6744eF3C98a00CAE8071D6DC292c53d6c5C75,1,1,14.285714285714286
0x015B5dF1673499E32D11Cf786A43D1c42b3d725C,1,0,7.142857142857143
0xAD5f3A0433B25fC3933830D2FA008f6780386D97,0,1,7.142857142857143
