ethereum_address,impact_percentage,sponsorship_count,distribution_count
0xA7D1CB88740642DC95774511Cc73f015396Be869,91.66666666666667,5,6
0x8c14a3Dd850835A07fbA7620E2601b3E5A6d5ee5,8.333333333333334,1,0
