ethereum_address,impact_percentage,github_username
0x48Ac1399035bcCE8C7996D8C60E014b9373B3962,69.77777777777777,sladomic
0x14E9535A9004fb4b12d2233CBf1739A654bA51a4,13.333333333333334,adrygll2
0x0f84Fc6d1C7B1DF2487B54776491d27A7369c9AA,9.333333333333334,nya-elimu
0x29C0B687EE69960966a4Ea733cF53CC6eC157ace,4,jo-elimu
0xCc661d7f89795C908D10f4C297525474DF757eE1,3.111111111111111,schaemik
0x0000000000000000000000000000000000000000,0.4444444444444444,waffle-iron
