ethereum_address,impact_percentage,github_username
0x0f84Fc6d1C7B1DF2487B54776491d27A7369c9AA,73.6842105263158,nya-elimu
0x29C0B687EE69960966a4Ea733cF53CC6eC157ace,17.894736842105264,jo-elimu
0xc6AC0D6AbD1bbB371Db2B3Ef7cbc9fC972C700A6,8.421052631578947,bikash
