ethereum_address,impact_percentage,github_username
0x0f84Fc6d1C7B1DF2487B54776491d27A7369c9AA,74.55197132616487,nya-elimu
0x29C0B687EE69960966a4Ea733cF53CC6eC157ace,16.845878136200717,jo-elimu
0xc6AC0D6AbD1bbB371Db2B3Ef7cbc9fC972C700A6,8.602150537634408,bikash
