ethereum_address,impact_percentage,github_username
0x0f84Fc6d1C7B1DF2487B54776491d27A7369c9AA,74.20494699646643,nya-elimu
0x29C0B687EE69960966a4Ea733cF53CC6eC157ace,17.314487632508833,jo-elimu
0xc6AC0D6AbD1bbB371Db2B3Ef7cbc9fC972C700A6,8.480565371024735,bikash
