ethereum_address,impact_percentage,github_username
0x29C0B687EE69960966a4Ea733cF53CC6eC157ace,38.03986710963455,jo-elimu
0x0f84Fc6d1C7B1DF2487B54776491d27A7369c9AA,27.408637873754152,nya-elimu
0x9D8dC28E9d9C4C5a387A858182edF9ab8B90F565,21.59468438538206,tuancoltech
0x1f1319c79F1496357781691a22B1f37dAC9D844F,10.96345514950166,gscdev
0x6321286F9B73f427C72e1f9F1bC6b3d25eF06605,1.495016611295681,hhio618
0x647Ea721B4E896D1f76062713B2a0b137475bC3d,0.33222591362126247,Brijeshthummar02
0x0000000000000000000000000000000000000000,0.16611295681063123,kmingwww
