ethereum_address,impact_percentage,github_username
0x29C0B687EE69960966a4Ea733cF53CC6eC157ace,38.5502471169687,jo-elimu
0x0f84Fc6d1C7B1DF2487B54776491d27A7369c9AA,27.182866556836903,nya-elimu
0x9D8dC28E9d9C4C5a387A858182edF9ab8B90F565,21.4168039538715,tuancoltech
0x1f1319c79F1496357781691a22B1f37dAC9D844F,10.873146622734762,gscdev
0x6321286F9B73f427C72e1f9F1bC6b3d25eF06605,1.4827018121911038,hhio618
0x647Ea721B4E896D1f76062713B2a0b137475bC3d,0.32948929159802304,Brijeshthummar02
0x0000000000000000000000000000000000000000,0.16474464579901152,kmingwww
