ethereum_address,impact_percentage,github_username
0x29C0B687EE69960966a4Ea733cF53CC6eC157ace,38.34710743801653,jo-elimu
0x0f84Fc6d1C7B1DF2487B54776491d27A7369c9AA,27.272727272727273,nya-elimu
0x9D8dC28E9d9C4C5a387A858182edF9ab8B90F565,21.487603305785125,tuancoltech
0x1f1319c79F1496357781691a22B1f37dAC9D844F,10.909090909090908,gscdev
0x6321286F9B73f427C72e1f9F1bC6b3d25eF06605,1.487603305785124,hhio618
0x647Ea721B4E896D1f76062713B2a0b137475bC3d,0.3305785123966942,Brijeshthummar02
0x0000000000000000000000000000000000000000,0.1652892561983471,kmingwww
