ethereum_address,impact_percentage,github_username
0xF72ff6980D2c62258b54Da10178e1DDd87409a33,38.230383973288816,jo-elimu
0x0f84Fc6d1C7B1DF2487B54776491d27A7369c9AA,27.54590984974958,nya-elimu
0x9D8dC28E9d9C4C5a387A858182edF9ab8B90F565,21.202003338898162,tuancoltech
0x1f1319c79F1496357781691a22B1f37dAC9D844F,11.018363939899833,gscdev
0x6321286F9B73f427C72e1f9F1bC6b3d25eF06605,1.5025041736227045,hhio618
0x647Ea721B4E896D1f76062713B2a0b137475bC3d,0.333889816360601,Brijeshthummar02
0x0000000000000000000000000000000000000000,0.1669449081803005,kmingwww
