ethereum_address,impact_percentage,github_username
0x0f84Fc6d1C7B1DF2487B54776491d27A7369c9AA,92.5925925925926,nya-elimu
0xF72ff6980D2c62258b54Da10178e1DDd87409a33,7.407407407407407,jo-elimu
