ethereum_address,impact_percentage,github_username
0x79b58d333e77c01256a2d14f63e18f398068cbcb,50,diegowald
0x0f84Fc6d1C7B1DF2487B54776491d27A7369c9AA,17.92452830188679,nya-elimu
0xF72ff6980D2c62258b54Da10178e1DDd87409a33,17.92452830188679,jo-elimu
0x0000000000000000000000000000000000000000,8.49056603773585,yorugac
0x0000000000000000000000000000000000000000,3.7735849056603774,shantzis1962
0x0000000000000000000000000000000000000000,0.9433962264150944,chadj-at-google
0x0000000000000000000000000000000000000000,0.9433962264150944,georgekaranja
