ethereum_address,impact_percentage,github_username
0x0f84Fc6d1C7B1DF2487B54776491d27A7369c9AA,83.33333333333333,nya-elimu
0xF72ff6980D2c62258b54Da10178e1DDd87409a33,16.666666666666668,jo-elimu
