ethereum_address,impact_percentage,github_username
0x0f84Fc6d1C7B1DF2487B54776491d27A7369c9AA,42.857142857142854,nya-elimu
0x0000000000000000000000000000000000000000,38.095238095238095,stephan-mediamonks
0x0000000000000000000000000000000000000000,9.523809523809524,georgekaranja
0x0000000000000000000000000000000000000000,4.761904761904762,BraisGabin
0x0000000000000000000000000000000000000000,4.761904761904762,roland-mediamonks
