ethereum_address,impact_percentage,github_username
0x29C0B687EE69960966a4Ea733cF53CC6eC157ace,70.28571428571429,jo-elimu
0x0f84Fc6d1C7B1DF2487B54776491d27A7369c9AA,16,nya-elimu
0x9D8dC28E9d9C4C5a387A858182edF9ab8B90F565,13.142857142857142,tuancoltech
0x647Ea721B4E896D1f76062713B2a0b137475bC3d,0.5714285714285714,Brijeshthummar02
