ethereum_address,impact_percentage,github_username
0x0f84Fc6d1C7B1DF2487B54776491d27A7369c9AA,79.54545454545455,nya-elimu
0xb77c19804F102312C8CF66221Da8886C1bf2C431,11.363636363636363,protito
0x29C0B687EE69960966a4Ea733cF53CC6eC157ace,9.090909090909092,jo-elimu
