ethereum_address,impact_percentage,github_username
0x29C0B687EE69960966a4Ea733cF53CC6eC157ace,74.8062015503876,jo-elimu
0x9D8dC28E9d9C4C5a387A858182edF9ab8B90F565,22.48062015503876,tuancoltech
0x0f84Fc6d1C7B1DF2487B54776491d27A7369c9AA,2.7131782945736433,nya-elimu
