ethereum_address,impact_percentage,github_username
0x29C0B687EE69960966a4Ea733cF53CC6eC157ace,56.578947368421055,jo-elimu
0x9D8dC28E9d9C4C5a387A858182edF9ab8B90F565,21.710526315789473,tuancoltech
0x0f84Fc6d1C7B1DF2487B54776491d27A7369c9AA,11.18421052631579,nya-elimu
0x14E9535A9004fb4b12d2233CBf1739A654bA51a4,10.526315789473685,adrygll2
