ethereum_address,impact_percentage,github_username
0x0f84Fc6d1C7B1DF2487B54776491d27A7369c9AA,68.71657754010695,nya-elimu
0xF72ff6980D2c62258b54Da10178e1DDd87409a33,29.144385026737968,jo-elimu
0xe6bb9cf3a1DCA1b6A8e206A2008d5357C033484A,1.0695187165775402,saither0204
0x0000000000000000000000000000000000000000,0.8021390374331551,Sneha65
0x0000000000000000000000000000000000000000,0.26737967914438504,SnehaHS65
