ethereum_address,impact_percentage,github_username
0x0f84Fc6d1C7B1DF2487B54776491d27A7369c9AA,65.07537688442211,nya-elimu
0x29C0B687EE69960966a4Ea733cF53CC6eC157ace,31.407035175879397,jo-elimu
0x0000000000000000000000000000000000000000,1.5075376884422111,sanmaxdev
0xe6bb9cf3a1DCA1b6A8e206A2008d5357C033484A,1.0050251256281406,saither0204
0x0000000000000000000000000000000000000000,0.7537688442211056,Sneha65
0x0000000000000000000000000000000000000000,0.25125628140703515,SnehaHS65
