ethereum_address,impact_percentage,github_username
0x0f84Fc6d1C7B1DF2487B54776491d27A7369c9AA,68.53333333333333,nya-elimu
0xF72ff6980D2c62258b54Da10178e1DDd87409a33,29.333333333333332,jo-elimu
0xe6bb9cf3a1DCA1b6A8e206A2008d5357C033484A,1.0666666666666667,saither0204
0x0000000000000000000000000000000000000000,0.8,Sneha65
0x0000000000000000000000000000000000000000,0.26666666666666666,SnehaHS65
