ethereum_address,impact_percentage,github_username
0x0f84Fc6d1C7B1DF2487B54776491d27A7369c9AA,67.27272727272727,nya-elimu
0x29C0B687EE69960966a4Ea733cF53CC6eC157ace,30.649350649350648,jo-elimu
0xe6bb9cf3a1DCA1b6A8e206A2008d5357C033484A,1.0389610389610389,saither0204
0x0000000000000000000000000000000000000000,0.7792207792207793,Sneha65
0x0000000000000000000000000000000000000000,0.2597402597402597,SnehaHS65
