ethereum_address,impact_percentage,github_username
0x0f84Fc6d1C7B1DF2487B54776491d27A7369c9AA,65.4040404040404,nya-elimu
0x29C0B687EE69960966a4Ea733cF53CC6eC157ace,31.060606060606062,jo-elimu
0x0000000000000000000000000000000000000000,1.5151515151515151,sanmaxdev
0xe6bb9cf3a1DCA1b6A8e206A2008d5357C033484A,1.0101010101010102,saither0204
0x0000000000000000000000000000000000000000,0.7575757575757576,Sneha65
0x0000000000000000000000000000000000000000,0.25252525252525254,SnehaHS65
