ethereum_address,impact_percentage,github_username
0x0f84Fc6d1C7B1DF2487B54776491d27A7369c9AA,67.98941798941799,nya-elimu
0x29C0B687EE69960966a4Ea733cF53CC6eC157ace,29.894179894179896,jo-elimu
0xe6bb9cf3a1DCA1b6A8e206A2008d5357C033484A,1.0582010582010581,saither0204
0x0000000000000000000000000000000000000000,0.7936507936507936,Sneha65
0x0000000000000000000000000000000000000000,0.26455026455026454,SnehaHS65
