ethereum_address,impact_percentage,github_username
0x0f84Fc6d1C7B1DF2487B54776491d27A7369c9AA,66.58097686375321,nya-elimu
0x29C0B687EE69960966a4Ea733cF53CC6eC157ace,31.362467866323907,jo-elimu
0xe6bb9cf3a1DCA1b6A8e206A2008d5357C033484A,1.0282776349614395,saither0204
0x0000000000000000000000000000000000000000,0.7712082262210797,Sneha65
0x0000000000000000000000000000000000000000,0.2570694087403599,SnehaHS65
