ethereum_address,impact_percentage
0xa8a4f4c8e76974ad3465e793d54fa2392338da1b,2.450229709035222
0xd231cbea9397ba77806176a6c85ace73e45c91f2,22.2052067381317
0x39bb57b112f459f6636fcb7bd87d8acce408e12a,12.557427258805513
0xcdc6dbfbb4755d82c90166b79063b5881906b48e,2.756508422664625
0x92ad2bf2c30b0250188d4156da5628c0d524ae9b,1.0719754977029097
0xafac34fb316fe797f775898d2dfb6157815ffedc,0.6125574272588055
0x0000000000000000000000000000000000000000,58.34609494640122
