ethereum_address,impact_percentage
0xa8a4f4c8e76974ad3465e793d54fa2392338da1b,2.4539877300613497
0xd231cbea9397ba77806176a6c85ace73e45c91f2,22.23926380368098
0x39bb57b112f459f6636fcb7bd87d8acce408e12a,12.576687116564417
0xcdc6dbfbb4755d82c90166b79063b5881906b48e,2.7607361963190185
0x92ad2bf2c30b0250188d4156da5628c0d524ae9b,0.9202453987730062
0xafac34fb316fe797f775898d2dfb6157815ffedc,0.6134969325153374
0x0000000000000000000000000000000000000000,58.43558282208589
