ethereum_address,impact_percentage
0xa8a4f4c8e76974ad3465e793d54fa2392338da1b,2.39880059970015
0xd231cbea9397ba77806176a6c85ace73e45c91f2,21.73913043478261
0x39bb57b112f459f6636fcb7bd87d8acce408e12a,12.293853073463268
0xcdc6dbfbb4755d82c90166b79063b5881906b48e,2.6986506746626686
0x92ad2bf2c30b0250188d4156da5628c0d524ae9b,1.4992503748125936
0xafac34fb316fe797f775898d2dfb6157815ffedc,0.5997001499250375
0xca5fd34f640866a30b98caba531af11363b16d5c,1.3493253373313343
0x36a0880ce5d9faa1de64572e51b25e1954004380,0.29985007496251875
0x0000000000000000000000000000000000000000,57.12143928035982
