ethereum_address,impact_percentage
0xa8a4f4c8e76974ad3465e793d54fa2392338da1b,2.43161094224924
0xd231cbea9397ba77806176a6c85ace73e45c91f2,22.03647416413374
0x39bb57b112f459f6636fcb7bd87d8acce408e12a,12.462006079027356
0xcdc6dbfbb4755d82c90166b79063b5881906b48e,2.735562310030395
0x92ad2bf2c30b0250188d4156da5628c0d524ae9b,1.5197568389057752
0xafac34fb316fe797f775898d2dfb6157815ffedc,0.60790273556231
0x36a0880ce5d9faa1de64572e51b25e1954004380,0.303951367781155
0x0000000000000000000000000000000000000000,57.90273556231003
