ethereum_address,impact_percentage
0xd231cbea9397ba77806176a6c85ace73e45c91f2,34.096692111959285
0x39bb57b112f459f6636fcb7bd87d8acce408e12a,20.610687022900763
0xcdc6dbfbb4755d82c90166b79063b5881906b48e,4.580152671755725
0x0000000000000000000000000000000000000000,40.712468193384225
