ethereum_address,impact_percentage
0xd231cbea9397ba77806176a6c85ace73e45c91f2,33.83838383838384
0x39bb57b112f459f6636fcb7bd87d8acce408e12a,20.454545454545453
0xcdc6dbfbb4755d82c90166b79063b5881906b48e,4.545454545454546
0x36a0880ce5d9faa1de64572e51b25e1954004380,0.25252525252525254
0xca5fd34f640866a30b98caba531af11363b16d5c,0.5050505050505051
0x0000000000000000000000000000000000000000,40.4040404040404
