ethereum_address,impact_percentage
0xa8a4f4c8e76974ad3465e793d54fa2392338da1b,2.4096385542168677
0xd231cbea9397ba77806176a6c85ace73e45c91f2,21.837349397590362
0x39bb57b112f459f6636fcb7bd87d8acce408e12a,12.349397590361447
0xcdc6dbfbb4755d82c90166b79063b5881906b48e,2.710843373493976
0x92ad2bf2c30b0250188d4156da5628c0d524ae9b,1.5060240963855422
0xafac34fb316fe797f775898d2dfb6157815ffedc,0.6024096385542169
0xca5fd34f640866a30b98caba531af11363b16d5c,0.9036144578313253
0x36a0880ce5d9faa1de64572e51b25e1954004380,0.30120481927710846
0x0000000000000000000000000000000000000000,57.37951807228916
