ethereum_address,impact_percentage
0xd231cbea9397ba77806176a6c85ace73e45c91f2,33.66834170854271
0x39bb57b112f459f6636fcb7bd87d8acce408e12a,20.35175879396985
0xcdc6dbfbb4755d82c90166b79063b5881906b48e,4.522613065326633
0x36a0880ce5d9faa1de64572e51b25e1954004380,0.7537688442211056
0xca5fd34f640866a30b98caba531af11363b16d5c,0.5025125628140703
0x0000000000000000000000000000000000000000,40.20100502512563
