ethereum_address,impact_percentage,github_username
0x29C0B687EE69960966a4Ea733cF53CC6eC157ace,67.75818639798489,jo-elimu
0x0f84Fc6d1C7B1DF2487B54776491d27A7369c9AA,32.241813602015114,nya-elimu
