ethereum_address,impact_percentage,github_username
0xF72ff6980D2c62258b54Da10178e1DDd87409a33,68.88297872340425,jo-elimu
0x0f84Fc6d1C7B1DF2487B54776491d27A7369c9AA,31.117021276595743,nya-elimu
