ethereum_address,impact_percentage,github_username
0x29C0B687EE69960966a4Ea733cF53CC6eC157ace,68.0672268907563,jo-elimu
0x0f84Fc6d1C7B1DF2487B54776491d27A7369c9AA,31.932773109243698,nya-elimu
