ethereum_address,impact_percentage,github_username
0x29C0B687EE69960966a4Ea733cF53CC6eC157ace,56.23100303951368,jo-elimu
0x9D8dC28E9d9C4C5a387A858182edF9ab8B90F565,22.289766970618036,tuancoltech
0x0f84Fc6d1C7B1DF2487B54776491d27A7369c9AA,20.16210739614995,nya-elimu
0x0000000000000000000000000000000000000000,0.60790273556231,jpascoe32fb
0x647Ea721B4E896D1f76062713B2a0b137475bC3d,0.60790273556231,Brijeshthummar02
0x0000000000000000000000000000000000000000,0.10131712259371833,Federico-15
