ethereum_address,impact_percentage,github_username
0x29C0B687EE69960966a4Ea733cF53CC6eC157ace,56.31951466127401,jo-elimu
0x9D8dC28E9d9C4C5a387A858182edF9ab8B90F565,22.24469160768453,tuancoltech
0x0f84Fc6d1C7B1DF2487B54776491d27A7369c9AA,20.12133468149646,nya-elimu
0x0000000000000000000000000000000000000000,0.6066734074823054,jpascoe32fb
0x647Ea721B4E896D1f76062713B2a0b137475bC3d,0.6066734074823054,Brijeshthummar02
0x0000000000000000000000000000000000000000,0.10111223458038422,Federico-15
