ethereum_address,impact_percentage,github_username
0x29C0B687EE69960966a4Ea733cF53CC6eC157ace,55.45171339563863,jo-elimu
0x9D8dC28E9d9C4C5a387A858182edF9ab8B90F565,22.84527518172378,tuancoltech
0x0f84Fc6d1C7B1DF2487B54776491d27A7369c9AA,20.35306334371755,nya-elimu
0x0000000000000000000000000000000000000000,0.6230529595015576,jpascoe32fb
0x647Ea721B4E896D1f76062713B2a0b137475bC3d,0.6230529595015576,Brijeshthummar02
0x0000000000000000000000000000000000000000,0.10384215991692627,Federico-15
