ethereum_address,impact_percentage,github_username
0x29C0B687EE69960966a4Ea733cF53CC6eC157ace,55.65843621399177,jo-elimu
0x9D8dC28E9d9C4C5a387A858182edF9ab8B90F565,22.633744855967077,tuancoltech
0x0f84Fc6d1C7B1DF2487B54776491d27A7369c9AA,20.37037037037037,nya-elimu
0x0000000000000000000000000000000000000000,0.6172839506172839,jpascoe32fb
0x647Ea721B4E896D1f76062713B2a0b137475bC3d,0.6172839506172839,Brijeshthummar02
0x0000000000000000000000000000000000000000,0.102880658436214,Federico-15
